Item Title,Publication Title,Book Series Title,Journal Volume,Journal Issue,Item DOI,Authors,Publication Year,URL,Content Type
Connecting to a Database with PHP and SQL,PHP 8 Solutions,,,,10.1007/978-1-4842-7141-4_13,David Powers,2022,https://link.springer.com/chapter/10.1007/978-1-4842-7141-4_13,Chapter
Research on Hazardous Waste Information Management System Based on Internet of Things GIS Technology,Proceedings of the Second International Conference on Artificial Intelligence and Communication Technologies (ICAICT 2024),,,,10.1007/978-981-96-0096-0_34,Hualong CaiJingyao LuoYiyan ZhuangZhijie Pan,2025,https://link.springer.com/chapter/10.1007/978-981-96-0096-0_34,Conference paper
Authenticating Users with a Database,PHP 8 Solutions,,,,10.1007/978-1-4842-7141-4_19,David Powers,2022,https://link.springer.com/chapter/10.1007/978-1-4842-7141-4_19,Chapter
Managing Multiple Database Tables,PHP 8 Solutions,,,,10.1007/978-1-4842-7141-4_18,David Powers,2022,https://link.springer.com/chapter/10.1007/978-1-4842-7141-4_18,Chapter
Creating a Dynamic Photo Gallery,PHP 8 Solutions,,,,10.1007/978-1-4842-7141-4_14,David Powers,2022,https://link.springer.com/chapter/10.1007/978-1-4842-7141-4_14,Chapter
Connecting to a&#xa0;Database with PHP and SQL,PHP 7 Solutions,,,,10.1007/978-1-4842-4338-1_13,David Powers,2019,https://link.springer.com/chapter/10.1007/978-1-4842-4338-1_13,Chapter
Using PHP with MySQL,Beginning PHP and MySQL,,,,10.1007/978-1-4302-6044-8_27,Frank M. Kromann,2018,https://link.springer.com/chapter/10.1007/978-1-4302-6044-8_27,Chapter
Authenticating Users with a Database,PHP 7 Solutions,,,,10.1007/978-1-4842-4338-1_19,David Powers,2019,https://link.springer.com/chapter/10.1007/978-1-4842-4338-1_19,Chapter
Managing Multiple Database Tables,PHP 7 Solutions,,,,10.1007/978-1-4842-4338-1_18,David Powers,2019,https://link.springer.com/chapter/10.1007/978-1-4842-4338-1_18,Chapter
Creating a Dynamic Photo Gallery,PHP 7 Solutions,,,,10.1007/978-1-4842-4338-1_14,David Powers,2019,https://link.springer.com/chapter/10.1007/978-1-4842-4338-1_14,Chapter
Indexes and Searching,Beginning PHP and MySQL,,,,10.1007/978-1-4302-6044-8_33,Frank M. Kromann,2018,https://link.springer.com/chapter/10.1007/978-1-4302-6044-8_33,Chapter
Session Handlers,Beginning PHP and MySQL,,,,10.1007/978-1-4302-6044-8_17,Frank M. Kromann,2018,https://link.springer.com/chapter/10.1007/978-1-4302-6044-8_17,Chapter
Authenticating Your Users,Beginning PHP and MySQL,,,,10.1007/978-1-4302-6044-8_14,Frank M. Kromann,2018,https://link.springer.com/chapter/10.1007/978-1-4302-6044-8_14,Chapter
IoT Patterns: Web Apps,Building Arduino Projects for the Internet of Things,,,,10.1007/978-1-4842-1940-9_8,Adeel Javed,2016,https://link.springer.com/chapter/10.1007/978-1-4842-1940-9_8,Chapter
IoT Patterns: Location Aware,Building Arduino Projects for the Internet of Things,,,,10.1007/978-1-4842-1940-9_9,Adeel Javed,2016,https://link.springer.com/chapter/10.1007/978-1-4842-1940-9_9,Chapter
IoT Patterns: On-Demand Clients,Building Arduino Projects for the Internet of Things,,,,10.1007/978-1-4842-1940-9_7,Adeel Javed,2016,https://link.springer.com/chapter/10.1007/978-1-4842-1940-9_7,Chapter
Connecting to a Database with PHP and SQL,PHP Solutions,,,,10.1007/978-1-4842-0635-5_11,David Powers,2014,https://link.springer.com/chapter/10.1007/978-1-4842-0635-5_11,Chapter
Authenticating Users with a Database,PHP Solutions,,,,10.1007/978-1-4842-0635-5_17,David Powers,2014,https://link.springer.com/chapter/10.1007/978-1-4842-0635-5_17,Chapter
Managing Multiple Database Tables,PHP Solutions,,,,10.1007/978-1-4842-0635-5_16,David Powers,2014,https://link.springer.com/chapter/10.1007/978-1-4842-0635-5_16,Chapter
Creating a Dynamic Photo Gallery,PHP Solutions,,,,10.1007/978-1-4842-0635-5_12,David Powers,2014,https://link.springer.com/chapter/10.1007/978-1-4842-0635-5_12,Chapter
Key Concepts,Troubleshooting Oracle Performance,,,,10.1007/978-1-4302-5759-2_2,Christian Antognini,2014,https://link.springer.com/chapter/10.1007/978-1-4302-5759-2_2,Chapter
Beyond Data Access and Join Optimization,Troubleshooting Oracle Performance,,,,10.1007/978-1-4302-5759-2_15,Christian Antognini,2014,https://link.springer.com/chapter/10.1007/978-1-4302-5759-2_15,Chapter
Databases,Pro PHP MVC,,,,10.1007/978-1-4302-4165-2_9,Chris Pitt,2012,https://link.springer.com/chapter/10.1007/978-1-4302-4165-2_9,Chapter
Using PHP with MySQL,Beginning PHP and MySQL,,,,10.1007/978-1-4302-3115-8_30,,2010,https://link.springer.com/chapter/10.1007/978-1-4302-3115-8_30,Chapter
Connecting to MySQL with PHP and SQL,PHP Solutions,,,,10.1007/978-1-4302-3250-6_11,David Powers,2010,https://link.springer.com/chapter/10.1007/978-1-4302-3250-6_11,Chapter
The Database Layer,Pro Drupal 7 for Windows Developers,,,,10.1007/978-1-4302-3154-7_9,Brian Travis,2011,https://link.springer.com/chapter/10.1007/978-1-4302-3154-7_9,Chapter
Authenticating Users with a Database,PHP Solutions,,,,10.1007/978-1-4302-3250-6_17,David Powers,2010,https://link.springer.com/chapter/10.1007/978-1-4302-3250-6_17,Chapter
Indexes and Searching,Beginning PHP and MySQL,,,,10.1007/978-1-4302-3115-8_36,,2010,https://link.springer.com/chapter/10.1007/978-1-4302-3115-8_36,Chapter
Session Handlers,Beginning PHP and MySQL,,,,10.1007/978-1-4302-3115-8_18,,2010,https://link.springer.com/chapter/10.1007/978-1-4302-3115-8_18,Chapter
Managing Content,PHP Solutions,,,,10.1007/978-1-4302-3250-6_13,David Powers,2010,https://link.springer.com/chapter/10.1007/978-1-4302-3250-6_13,Chapter
Managing Multiple Database Tables,PHP Solutions,,,,10.1007/978-1-4302-3250-6_16,David Powers,2010,https://link.springer.com/chapter/10.1007/978-1-4302-3250-6_16,Chapter
Authenticating Your Users,Beginning PHP and MySQL,,,,10.1007/978-1-4302-3115-8_14,,2010,https://link.springer.com/chapter/10.1007/978-1-4302-3115-8_14,Chapter
Creating a Dynamic Online Gallery,PHP Solutions,,,,10.1007/978-1-4302-3250-6_12,David Powers,2010,https://link.springer.com/chapter/10.1007/978-1-4302-3250-6_12,Chapter
Using PHP with MySQL,Beginning PHP and MySQL,,,,10.1007/978-1-4302-0299-8_30,,2008,https://link.springer.com/chapter/10.1007/978-1-4302-0299-8_30,Chapter
SQLite,Beginning PHP and MySQL,,,,10.1007/978-1-4302-0299-8_22,,2008,https://link.springer.com/chapter/10.1007/978-1-4302-0299-8_22,Chapter
Indexes and Searching,Beginning PHP and MySQL,,,,10.1007/978-1-4302-0299-8_36,,2008,https://link.springer.com/chapter/10.1007/978-1-4302-0299-8_36,Chapter
Generating XML from a Database,PHP Object-Oriented Solutions,,,,10.1007/978-1-4302-1012-2_8,,2008,https://link.springer.com/chapter/10.1007/978-1-4302-1012-2_8,Chapter
Performance Management,Oracle Database 11g,,,,10.1007/978-1-4302-0469-5_4,,2007,https://link.springer.com/chapter/10.1007/978-1-4302-0469-5_4,Chapter
Indexes and Searching,Beginning PHP and MySQL 5,,,,10.1007/978-1-4302-0117-5_35,,2006,https://link.springer.com/chapter/10.1007/978-1-4302-0117-5_35,Chapter
Getting Started with a Database,PHP Solutions: Dynamic Web Design Made Easy,,,,10.1007/978-1-4302-0275-2_11,,2006,https://link.springer.com/chapter/10.1007/978-1-4302-0275-2_11,Chapter
PHP’s mysqli Extension,Beginning PHP and MySQL 5,,,,10.1007/978-1-4302-0117-5_30,,2006,https://link.springer.com/chapter/10.1007/978-1-4302-0117-5_30,Chapter
Keeping Intruders at Bay,PHP Solutions: Dynamic Web Design Made Easy,,,,10.1007/978-1-4302-0275-2_15,,2006,https://link.springer.com/chapter/10.1007/978-1-4302-0275-2_15,Chapter
Creating a Dynamic Online Gallery,PHP Solutions: Dynamic Web Design Made Easy,,,,10.1007/978-1-4302-0275-2_12,,2006,https://link.springer.com/chapter/10.1007/978-1-4302-0275-2_12,Chapter
PHP,The Definitive Guide to MySQL5,,,,10.1007/978-1-4302-0071-0_15,,2005,https://link.springer.com/chapter/10.1007/978-1-4302-0071-0_15,Chapter
Protecting Your Data with Sessions,Foundation PHP 5 for Flash,,,,10.1007/978-1-4302-0013-0_9,,2005,https://link.springer.com/chapter/10.1007/978-1-4302-0013-0_9,Chapter
Playing with Words,Foundation PHP 5 for Flash,,,,10.1007/978-1-4302-0013-0_7,,2005,https://link.springer.com/chapter/10.1007/978-1-4302-0013-0_7,Chapter
Working with Multiple Tables and XML,Foundation PHP 5 for Flash,,,,10.1007/978-1-4302-0013-0_12,,2005,https://link.springer.com/chapter/10.1007/978-1-4302-0013-0_12,Chapter
Creating a User Registration Database,Foundation PHP 5 for Flash,,,,10.1007/978-1-4302-0013-0_8,,2005,https://link.springer.com/chapter/10.1007/978-1-4302-0013-0_8,Chapter
Stored Procedures,Pro MySQL,,,,10.1007/978-1-4302-0048-2_9,,2005,https://link.springer.com/chapter/10.1007/978-1-4302-0048-2_9,Chapter
API Reference,The Definitive Guide to MySQL5,,,,10.1007/978-1-4302-0071-0_23,,2005,https://link.springer.com/chapter/10.1007/978-1-4302-0071-0_23,Chapter
Keeping Control with a Content Management System,Foundation PHP 5 for Flash,,,,10.1007/978-1-4302-0013-0_10,,2005,https://link.springer.com/chapter/10.1007/978-1-4302-0013-0_10,Chapter
Benchmarking and Profiling,Pro MySQL,,,,10.1007/978-1-4302-0048-2_6,,2005,https://link.springer.com/chapter/10.1007/978-1-4302-0048-2_6,Chapter
MySQL Programming,Beginning MySQL Database Design and Optimization,,,,10.1007/978-1-4302-0729-0_7,Jon StephensChad Russell,2004,https://link.springer.com/chapter/10.1007/978-1-4302-0729-0_7,Chapter